"Id,""Users"",""Password"""
"1,""danny"",""danny123"""
"2,""felipe"",""felipe123"""
"3,""gustavo"",""gustavo123"""
"4,""julian"",""julian123"""
"5,""santiago"",""santiago123"""
"6,""alejandra"",""alejandra123"""
"7,""carlos"",""carlos123"""
"8,""zapateiro1"",""zapateiro123"""
"9,""justin"",""justin123"""
"10,""munoz"",""munoz123"""
"11,""santiagoar"",""santiagoar123"""
"12,""emmanuela"",""emmanuela123"""
"13,""aura"",""aura123"""
"14,""esteban"",""esteban123"""
"15,""andresSepulbeda"",""andres123"""
